 East  ,  RL  ,  Delpar	 
      25.0,     556.1,     -0.00
      25.0,     546.1,     -0.01
      25.0,     536.1,     -0.03
      25.0,     526.1,     -0.04
      25.0,     516.1,     -0.03
      25.0,     503.6,      0.01
      25.0,     486.1,      0.05
      25.0,     465.5,      0.04
      25.0,     443.6,      0.02
      25.0,     420.5,      0.01
      25.0,     395.9,      0.00
      25.0,     369.9,     -0.00
      25.0,     342.4,     -0.00
      25.0,     313.1,     -0.00
      25.0,     282.2,     -0.00
      25.0,     249.3,     -0.00
      25.0,     214.5,     -0.00
      25.0,     176.8,     -0.00
      25.0,     136.0,     -0.00
      25.0,      92.9,     -0.00
      25.0,      47.3,     -0.00
      25.0,      -1.0,     -0.00
      75.0,     556.0,      0.02
      75.0,     546.0,      0.02
      75.0,     536.0,      0.00
      75.0,     526.0,     -0.01
      75.0,     516.0,     -0.02
      75.0,     503.5,     -0.02
      75.0,     486.0,     -0.01
      75.0,     465.4,      0.00
      75.0,     443.6,      0.00
      75.0,     420.4,     -0.00
      75.0,     395.9,     -0.00
      75.0,     369.9,     -0.00
      75.0,     342.3,     -0.00
      75.0,     313.1,     -0.00
      75.0,     282.1,     -0.00
      75.0,     249.3,     -0.00
      75.0,     214.5,     -0.00
      75.0,     176.7,     -0.00
      75.0,     136.0,     -0.00
      75.0,      92.8,     -0.00
      75.0,      47.2,     -0.00
      75.0,      -1.0,     -0.00
     125.0,     555.7,      0.01
     125.0,     545.7,      0.01
     125.0,     535.7,      0.01
     125.0,     525.7,      0.00
     125.0,     515.7,     -0.01
     125.0,     503.2,     -0.02
     125.0,     485.7,     -0.02
     125.0,     465.1,     -0.02
     125.0,     443.3,     -0.01
     125.0,     420.1,     -0.01
     125.0,     395.6,     -0.01
     125.0,     369.6,     -0.01
     125.0,     342.0,     -0.00
     125.0,     312.8,     -0.00
     125.0,     281.8,     -0.00
     125.0,     249.0,     -0.00
     125.0,     214.2,     -0.00
     125.0,     176.5,     -0.00
     125.0,     135.8,     -0.00
     125.0,      92.7,     -0.00
     125.0,      47.2,     -0.00
     125.0,      -1.0,     -0.00
     175.0,     555.4,     -0.01
     175.0,     545.4,     -0.01
     175.0,     535.4,      0.01
     175.0,     525.4,      0.00
     175.0,     515.4,     -0.01
     175.0,     502.9,     -0.02
     175.0,     485.4,     -0.02
     175.0,     464.8,     -0.02
     175.0,     442.9,     -0.01
     175.0,     419.8,     -0.01
     175.0,     395.3,     -0.01
     175.0,     369.3,     -0.01
     175.0,     341.7,     -0.00
     175.0,     312.5,     -0.00
     175.0,     281.5,     -0.00
     175.0,     248.7,     -0.00
     175.0,     213.9,     -0.00
     175.0,     176.2,     -0.00
     175.0,     135.5,     -0.00
     175.0,      92.5,     -0.00
     175.0,      47.1,     -0.00
     175.0,      -1.1,     -0.00
     225.0,     555.1,      0.01
     225.0,     545.1,      0.01
     225.0,     535.1,      0.01
     225.0,     525.1,      0.01
     225.0,     515.1,      0.01
     225.0,     502.6,     -0.00
     225.0,     485.1,     -0.01
     225.0,     464.5,     -0.01
     225.0,     442.7,     -0.01
     225.0,     419.5,     -0.01
     225.0,     395.0,     -0.01
     225.0,     369.0,     -0.01
     225.0,     341.4,     -0.01
     225.0,     312.2,     -0.00
     225.0,     281.2,     -0.00
     225.0,     248.4,     -0.00
     225.0,     213.6,     -0.00
     225.0,     176.0,     -0.00
     225.0,     135.4,     -0.00
     225.0,      92.4,     -0.00
     225.0,      47.0,     -0.00
     225.0,      -1.1,     -0.00
     275.0,     555.0,     -0.02
     275.0,     545.0,     -0.02
     275.0,     535.0,     -0.02
     275.0,     525.0,     -0.02
     275.0,     515.0,     -0.01
     275.0,     502.5,     -0.00
     275.0,     485.0,     -0.01
     275.0,     464.4,     -0.01
     275.0,     442.6,     -0.01
     275.0,     419.5,     -0.01
     275.0,     394.9,     -0.01
     275.0,     368.9,     -0.01
     275.0,     341.3,     -0.01
     275.0,     312.1,     -0.01
     275.0,     281.1,     -0.00
     275.0,     248.3,     -0.00
     275.0,     213.5,     -0.00
     275.0,     175.9,     -0.00
     275.0,     135.3,     -0.00
     275.0,      92.4,     -0.00
     275.0,      47.0,     -0.00
     275.0,      -1.1,     -0.00
     325.0,     555.1,      0.02
     325.0,     545.1,      0.02
     325.0,     535.1,      0.02
     325.0,     525.1,      0.02
     325.0,     515.1,      0.01
     325.0,     502.6,      0.01
     325.0,     485.1,     -0.00
     325.0,     464.5,     -0.01
     325.0,     442.7,     -0.01
     325.0,     419.5,     -0.01
     325.0,     395.0,     -0.01
     325.0,     369.0,     -0.01
     325.0,     341.4,     -0.01
     325.0,     312.2,     -0.01
     325.0,     281.2,     -0.01
     325.0,     248.4,     -0.00
     325.0,     213.6,     -0.00
     325.0,     176.0,     -0.00
     325.0,     135.4,     -0.00
     325.0,      92.4,     -0.00
     325.0,      47.0,     -0.00
     325.0,      -1.1,     -0.00
     375.0,     555.4,     -0.05
     375.0,     545.4,     -0.04
     375.0,     535.4,     -0.02
     375.0,     525.4,     -0.00
     375.0,     515.4,      0.01
     375.0,     502.9,      0.00
     375.0,     485.4,     -0.01
     375.0,     464.8,     -0.01
     375.0,     442.9,     -0.01
     375.0,     419.8,     -0.01
     375.0,     395.3,     -0.01
     375.0,     369.2,     -0.01
     375.0,     341.7,     -0.01
     375.0,     312.5,     -0.01
     375.0,     281.5,     -0.01
     375.0,     248.6,     -0.01
     375.0,     213.8,     -0.00
     375.0,     176.2,     -0.00
     375.0,     135.5,     -0.00
     375.0,      92.5,     -0.00
     375.0,      47.0,     -0.00
     375.0,      -1.1,     -0.00
     425.0,     555.6,      0.02
     425.0,     545.6,      0.01
     425.0,     535.6,      0.01
     425.0,     525.6,      0.00
     425.0,     515.6,     -0.00
     425.0,     503.1,     -0.01
     425.0,     485.6,     -0.01
     425.0,     465.0,     -0.02
     425.0,     443.2,     -0.01
     425.0,     420.0,     -0.01
     425.0,     395.5,     -0.01
     425.0,     369.5,     -0.01
     425.0,     341.9,     -0.01
     425.0,     312.7,     -0.01
     425.0,     281.7,     -0.01
     425.0,     248.9,     -0.01
     425.0,     214.1,     -0.01
     425.0,     176.4,     -0.01
     425.0,     135.7,     -0.00
     425.0,      92.7,     -0.00
     425.0,      47.1,     -0.00
     425.0,      -1.0,     -0.00
     475.0,     555.6,      0.05
     475.0,     545.6,      0.04
     475.0,     535.6,      0.03
     475.0,     525.6,      0.01
     475.0,     515.6,      0.00
     475.0,     503.1,     -0.01
     475.0,     485.6,     -0.01
     475.0,     465.0,     -0.01
     475.0,     443.2,     -0.01
     475.0,     420.0,     -0.01
     475.0,     395.5,     -0.01
     475.0,     369.5,     -0.01
     475.0,     341.9,     -0.01
     475.0,     312.7,     -0.01
     475.0,     281.7,     -0.01
     475.0,     248.9,     -0.01
     475.0,     214.1,     -0.01
     475.0,     176.4,     -0.01
     475.0,     135.7,     -0.01
     475.0,      92.7,     -0.00
     475.0,      47.1,     -0.00
     475.0,      -1.0,     -0.00
     525.0,     555.3,      0.02
     525.0,     545.3,     -0.01
     525.0,     535.3,     -0.03
     525.0,     525.3,     -0.03
     525.0,     515.3,     -0.03
     525.0,     502.8,     -0.02
     525.0,     485.3,     -0.01
     525.0,     464.7,     -0.01
     525.0,     442.9,     -0.01
     525.0,     419.7,     -0.01
     525.0,     395.2,     -0.01
     525.0,     369.2,     -0.01
     525.0,     341.6,     -0.01
     525.0,     312.4,     -0.01
     525.0,     281.4,     -0.01
     525.0,     248.6,     -0.01
     525.0,     213.8,     -0.01
     525.0,     176.1,     -0.01
     525.0,     135.5,     -0.01
     525.0,      92.5,     -0.01
     525.0,      47.0,     -0.00
     525.0,      -1.1,     -0.00
     575.0,     554.8,      0.08
     575.0,     544.8,      0.04
     575.0,     534.8,      0.01
     575.0,     524.8,      0.00
     575.0,     514.8,      0.00
     575.0,     502.3,      0.01
     575.0,     484.8,      0.01
     575.0,     464.2,      0.01
     575.0,     442.3,      0.00
     575.0,     419.2,     -0.00
     575.0,     394.7,     -0.01
     575.0,     368.6,     -0.01
     575.0,     341.1,     -0.01
     575.0,     311.9,     -0.01
     575.0,     280.9,     -0.01
     575.0,     248.0,     -0.01
     575.0,     213.2,     -0.01
     575.0,     175.6,     -0.01
     575.0,     135.1,     -0.01
     575.0,      92.2,     -0.01
     575.0,      46.9,     -0.01
     575.0,      -1.1,     -0.01
     625.0,     554.1,     -0.13
     625.0,     544.1,     -0.12
     625.0,     534.1,     -0.09
     625.0,     524.1,     -0.05
     625.0,     514.1,     -0.01
     625.0,     501.6,      0.02
     625.0,     484.1,      0.02
     625.0,     463.5,      0.01
     625.0,     441.7,      0.01
     625.0,     418.5,     -0.00
     625.0,     394.0,     -0.01
     625.0,     368.0,     -0.01
     625.0,     340.4,     -0.01
     625.0,     311.2,     -0.01
     625.0,     280.2,     -0.01
     625.0,     247.4,     -0.01
     625.0,     212.6,     -0.01
     625.0,     175.1,     -0.01
     625.0,     134.7,     -0.01
     625.0,      91.9,     -0.01
     625.0,      46.7,     -0.01
     625.0,      -1.2,     -0.01
     675.0,     553.6,     -0.03
     675.0,     543.6,     -0.01
     675.0,     533.6,      0.00
     675.0,     523.6,      0.01
     675.0,     513.6,      0.01
     675.0,     501.1,      0.01
     675.0,     483.6,      0.01
     675.0,     463.0,      0.01
     675.0,     441.2,     -0.00
     675.0,     418.0,     -0.01
     675.0,     393.5,     -0.01
     675.0,     367.5,     -0.01
     675.0,     339.9,     -0.02
     675.0,     310.7,     -0.02
     675.0,     279.7,     -0.02
     675.0,     246.9,     -0.01
     675.0,     212.1,     -0.01
     675.0,     174.6,     -0.01
     675.0,     134.3,     -0.01
     675.0,      91.6,     -0.01
     675.0,      46.5,     -0.01
     675.0,      -1.2,     -0.01
     725.0,     553.3,      0.04
     725.0,     543.3,      0.04
     725.0,     533.3,      0.03
     725.0,     523.3,      0.02
     725.0,     513.3,      0.01
     725.0,     500.8,      0.00
     725.0,     483.3,     -0.00
     725.0,     462.7,     -0.01
     725.0,     440.9,     -0.01
     725.0,     417.8,     -0.01
     725.0,     393.2,     -0.02
     725.0,     367.2,     -0.02
     725.0,     339.7,     -0.02
     725.0,     310.4,     -0.02
     725.0,     279.5,     -0.02
     725.0,     246.6,     -0.02
     725.0,     211.8,     -0.02
     725.0,     174.4,     -0.01
     725.0,     134.1,     -0.01
     725.0,      91.5,     -0.01
     725.0,      46.4,     -0.01
     725.0,      -1.3,     -0.01
     775.0,     553.4,     -0.00
     775.0,     543.4,      0.01
     775.0,     533.4,      0.01
     775.0,     523.4,      0.01
     775.0,     513.4,      0.00
     775.0,     500.9,     -0.00
     775.0,     483.4,     -0.01
     775.0,     462.8,     -0.01
     775.0,     440.9,     -0.02
     775.0,     417.8,     -0.02
     775.0,     393.2,     -0.02
     775.0,     367.2,     -0.02
     775.0,     339.7,     -0.02
     775.0,     310.5,     -0.02
     775.0,     279.5,     -0.02
     775.0,     246.6,     -0.02
     775.0,     211.8,     -0.02
     775.0,     174.4,     -0.02
     775.0,     134.1,     -0.01
     775.0,      91.5,     -0.01
     775.0,      46.4,     -0.01
     775.0,      -1.3,     -0.01
     825.0,     553.5,      0.02
     825.0,     543.5,      0.04
     825.0,     533.5,      0.04
     825.0,     523.5,      0.02
     825.0,     513.5,      0.01
     825.0,     501.0,     -0.00
     825.0,     483.5,     -0.02
     825.0,     462.9,     -0.02
     825.0,     441.1,     -0.03
     825.0,     418.0,     -0.03
     825.0,     393.4,     -0.03
     825.0,     367.4,     -0.03
     825.0,     339.9,     -0.03
     825.0,     310.6,     -0.03
     825.0,     279.7,     -0.03
     825.0,     246.8,     -0.02
     825.0,     212.0,     -0.02
     825.0,     174.5,     -0.02
     825.0,     134.2,     -0.01
     825.0,      91.6,     -0.01
     825.0,      46.5,     -0.01
     825.0,      -1.3,     -0.01
     875.0,     553.7,     -0.03
     875.0,     543.7,     -0.02
     875.0,     533.7,     -0.02
     875.0,     523.7,     -0.02
     875.0,     513.7,     -0.02
     875.0,     501.2,     -0.02
     875.0,     483.7,     -0.03
     875.0,     463.1,     -0.03
     875.0,     441.2,     -0.03
     875.0,     418.1,     -0.04
     875.0,     393.5,     -0.04
     875.0,     367.5,     -0.04
     875.0,     340.0,     -0.03
     875.0,     310.7,     -0.03
     875.0,     279.8,     -0.03
     875.0,     246.9,     -0.03
     875.0,     212.1,     -0.02
     875.0,     174.6,     -0.02
     875.0,     134.3,     -0.02
     875.0,      91.7,     -0.01
     875.0,      46.5,     -0.01
     875.0,      -1.2,     -0.01
     925.0,     553.6,     -0.07
     925.0,     543.6,     -0.01
     925.0,     533.6,      0.05
     925.0,     523.6,      0.06
     925.0,     513.6,      0.04
     925.0,     501.1,      0.01
     925.0,     483.6,     -0.01
     925.0,     463.0,     -0.03
     925.0,     441.2,     -0.04
     925.0,     418.1,     -0.04
     925.0,     393.5,     -0.04
     925.0,     367.5,     -0.04
     925.0,     339.9,     -0.04
     925.0,     310.7,     -0.04
     925.0,     279.7,     -0.03
     925.0,     246.9,     -0.03
     925.0,     212.1,     -0.03
     925.0,     174.6,     -0.02
     925.0,     134.3,     -0.02
     925.0,      91.7,     -0.01
     925.0,      46.5,     -0.01
     925.0,      -1.2,     -0.01
     975.0,     553.6,     -0.01
     975.0,     543.6,      0.01
     975.0,     533.6,      0.04
     975.0,     523.6,      0.05
     975.0,     513.6,      0.04
     975.0,     501.1,      0.01
     975.0,     483.6,     -0.02
     975.0,     463.0,     -0.03
     975.0,     441.2,     -0.04
     975.0,     418.0,     -0.05
     975.0,     393.5,     -0.05
     975.0,     367.5,     -0.05
     975.0,     339.9,     -0.04
     975.0,     310.7,     -0.04
     975.0,     279.7,     -0.04
     975.0,     246.9,     -0.03
     975.0,     212.1,     -0.03
     975.0,     174.6,     -0.02
     975.0,     134.3,     -0.02
     975.0,      91.6,     -0.01
     975.0,      46.5,     -0.01
     975.0,      -1.2,     -0.01
    1025.0,     553.7,      0.03
    1025.0,     543.7,      0.03
    1025.0,     533.7,      0.03
    1025.0,     523.7,      0.01
    1025.0,     513.7,     -0.00
    1025.0,     501.2,     -0.02
    1025.0,     483.7,     -0.04
    1025.0,     463.1,     -0.05
    1025.0,     441.2,     -0.06
    1025.0,     418.1,     -0.06
    1025.0,     393.6,     -0.06
    1025.0,     367.5,     -0.05
    1025.0,     340.0,     -0.05
    1025.0,     310.8,     -0.05
    1025.0,     279.8,     -0.04
    1025.0,     247.0,     -0.04
    1025.0,     212.1,     -0.03
    1025.0,     174.7,     -0.02
    1025.0,     134.3,     -0.02
    1025.0,      91.7,     -0.01
    1025.0,      46.5,     -0.01
    1025.0,      -1.2,     -0.01
    1075.0,     553.9,      0.04
    1075.0,     543.9,     -0.01
    1075.0,     533.9,     -0.04
    1075.0,     523.9,     -0.07
    1075.0,     513.9,     -0.08
    1075.0,     501.4,     -0.08
    1075.0,     483.9,     -0.09
    1075.0,     463.3,     -0.08
    1075.0,     441.5,     -0.08
    1075.0,     418.3,     -0.07
    1075.0,     393.8,     -0.06
    1075.0,     367.8,     -0.06
    1075.0,     340.2,     -0.05
    1075.0,     311.0,     -0.05
    1075.0,     280.0,     -0.04
    1075.0,     247.2,     -0.04
    1075.0,     212.4,     -0.03
    1075.0,     174.9,     -0.02
    1075.0,     134.5,     -0.02
    1075.0,      91.8,     -0.01
    1075.0,      46.6,     -0.01
    1075.0,      -1.2,     -0.01
    1125.0,     554.1,     -0.12
    1125.0,     544.1,     -0.14
    1125.0,     534.1,     -0.15
    1125.0,     524.1,     -0.15
    1125.0,     514.1,     -0.15
    1125.0,     501.6,     -0.14
    1125.0,     484.1,     -0.12
    1125.0,     463.5,     -0.10
    1125.0,     441.7,     -0.08
    1125.0,     418.6,     -0.07
    1125.0,     394.0,     -0.06
    1125.0,     368.0,     -0.05
    1125.0,     340.4,     -0.05
    1125.0,     311.2,     -0.04
    1125.0,     280.3,     -0.04
    1125.0,     247.4,     -0.03
    1125.0,     212.6,     -0.03
    1125.0,     175.1,     -0.02
    1125.0,     134.7,     -0.02
    1125.0,      91.9,     -0.01
    1125.0,      46.7,     -0.01
    1125.0,      -1.2,     -0.01
    1175.0,     554.1,      0.23
    1175.0,     544.1,      0.14
    1175.0,     534.1,      0.05
    1175.0,     524.1,     -0.03
    1175.0,     514.1,     -0.07
    1175.0,     501.6,     -0.10
    1175.0,     484.1,     -0.09
    1175.0,     463.5,     -0.06
    1175.0,     441.7,     -0.05
    1175.0,     418.5,     -0.03
    1175.0,     394.0,     -0.03
    1175.0,     368.0,     -0.03
    1175.0,     340.4,     -0.04
    1175.0,     311.2,     -0.04
    1175.0,     280.2,     -0.03
    1175.0,     247.4,     -0.03
    1175.0,     212.6,     -0.03
    1175.0,     175.0,     -0.02
    1175.0,     134.6,     -0.02
    1175.0,      91.9,     -0.01
    1175.0,      46.7,     -0.01
    1175.0,      -1.2,     -0.01
    1225.0,     553.8,      0.21
    1225.0,     543.8,      0.16
    1225.0,     533.8,      0.09
    1225.0,     523.8,      0.01
    1225.0,     513.8,     -0.04
    1225.0,     501.3,     -0.09
    1225.0,     483.8,     -0.08
    1225.0,     463.2,      0.06
    1225.0,     441.3,     -0.01
    1225.0,     418.2,      0.04
    1225.0,     393.6,      0.03
    1225.0,     367.6,     -0.00
    1225.0,     340.1,     -0.02
    1225.0,     310.8,     -0.02
    1225.0,     279.9,     -0.03
    1225.0,     247.0,     -0.02
    1225.0,     212.2,     -0.02
    1225.0,     174.7,     -0.02
    1225.0,     134.4,     -0.01
    1225.0,      91.7,     -0.01
    1225.0,      46.6,     -0.01
    1225.0,      -1.2,     -0.01
    1275.0,     553.3,      0.04
    1275.0,     543.3,      0.04
    1275.0,     533.3,      0.04
    1275.0,     523.3,      0.04
    1275.0,     513.3,      0.06
    1275.0,     500.8,      0.09
    1275.0,     483.3,     -0.06
    1275.0,     462.7,     -0.21
    1275.0,     440.9,     -0.06
    1275.0,     417.8,      0.27
    1275.0,     393.2,      0.12
    1275.0,     367.2,      0.04
    1275.0,     339.7,     -0.00
    1275.0,     310.4,     -0.01
    1275.0,     279.5,     -0.02
    1275.0,     246.6,     -0.02
    1275.0,     211.8,     -0.02
    1275.0,     174.4,     -0.01
    1275.0,     134.1,     -0.01
    1275.0,      91.5,     -0.01
    1275.0,      46.4,     -0.01
    1275.0,      -1.3,     -0.01
    1325.0,     553.0,     -0.11
    1325.0,     543.0,     -0.10
    1325.0,     533.0,     -0.09
    1325.0,     523.0,     -0.10
    1325.0,     513.0,     -0.12
    1325.0,     500.5,     -0.17
    1325.0,     483.0,     -0.23
    1325.0,     462.4,     -0.23
    1325.0,     440.6,     -0.14
    1325.0,     417.4,     -0.02
    1325.0,     392.9,      0.01
    1325.0,     366.9,      0.01
    1325.0,     339.3,     -0.00
    1325.0,     310.1,     -0.01
    1325.0,     279.1,     -0.01
    1325.0,     246.3,     -0.01
    1325.0,     211.5,     -0.01
    1325.0,     174.0,     -0.01
    1325.0,     133.9,     -0.01
    1325.0,      91.3,     -0.01
    1325.0,      46.3,     -0.00
    1325.0,      -1.3,     -0.00
    1375.0,     552.7,     -0.18
    1375.0,     542.7,     -0.08
    1375.0,     532.7,      0.06
    1375.0,     522.7,      0.12
    1375.0,     512.7,      0.09
    1375.0,     500.2,      0.01
    1375.0,     482.7,     -0.11
    1375.0,     462.1,     -0.17
    1375.0,     440.2,     -0.15
    1375.0,     417.1,     -0.09
    1375.0,     392.5,     -0.03
    1375.0,     366.5,     -0.02
    1375.0,     339.0,     -0.02
    1375.0,     309.8,     -0.02
    1375.0,     278.8,     -0.02
    1375.0,     246.0,     -0.01
    1375.0,     211.1,     -0.01
    1375.0,     173.8,     -0.01
    1375.0,     133.6,     -0.00
    1375.0,      91.2,     -0.00
    1375.0,      46.2,     -0.00
    1375.0,      -1.3,     -0.00
    1425.0,     552.4,     -0.37
    1425.0,     542.4,     -0.36
    1425.0,     532.4,     -0.30
    1425.0,     522.4,     -0.16
    1425.0,     512.4,      0.02
    1425.0,     499.9,      0.21
    1425.0,     482.4,      0.14
    1425.0,     461.8,      0.02
    1425.0,     440.0,     -0.03
    1425.0,     416.8,     -0.03
    1425.0,     392.3,     -0.02
    1425.0,     366.3,     -0.04
    1425.0,     338.7,     -0.07
    1425.0,     309.5,     -0.05
    1425.0,     278.5,     -0.02
    1425.0,     245.7,     -0.01
    1425.0,     210.9,     -0.00
    1425.0,     173.5,     -0.00
    1425.0,     133.5,     -0.00
    1425.0,      91.1,     -0.00
    1425.0,      46.2,     -0.00
    1425.0,      -1.4,     -0.00
    1475.0,     552.4,     -0.07
    1475.0,     542.4,     -0.23
    1475.0,     532.4,     -0.29
    1475.0,     522.4,     -0.26
    1475.0,     512.4,     -0.19
    1475.0,     499.9,     -0.09
    1475.0,     482.4,      0.00
    1475.0,     461.8,      0.07
    1475.0,     440.0,      0.10
    1475.0,     416.9,      0.12
    1475.0,     392.3,      0.10
    1475.0,     366.3,      0.03
    1475.0,     338.7,     -0.07
    1475.0,     309.5,     -0.07
    1475.0,     278.5,     -0.02
    1475.0,     245.7,      0.00
    1475.0,     210.9,      0.00
    1475.0,     173.5,     -0.00
    1475.0,     133.5,     -0.00
    1475.0,      91.1,     -0.00
    1475.0,      46.2,     -0.00
    1475.0,      -1.4,     -0.00
    1525.0,     552.8,      0.10
    1525.0,     542.8,      0.00
    1525.0,     532.8,     -0.03
    1525.0,     522.8,     -0.03
    1525.0,     512.8,     -0.02
    1525.0,     500.3,      0.01
    1525.0,     482.8,      0.04
    1525.0,     462.2,      0.07
    1525.0,     440.3,      0.11
    1525.0,     417.2,      0.14
    1525.0,     392.7,      0.16
    1525.0,     366.7,      0.13
    1525.0,     339.1,      0.04
    1525.0,     309.9,     -0.02
    1525.0,     278.9,      0.02
    1525.0,     246.1,      0.02
    1525.0,     211.3,      0.00
    1525.0,     173.9,     -0.00
    1525.0,     133.7,     -0.00
    1525.0,      91.2,     -0.00
    1525.0,      46.3,     -0.00
    1525.0,      -1.3,     -0.00
    1575.0,     553.3,      0.16
    1575.0,     543.3,      0.12
    1575.0,     533.3,      0.07
    1575.0,     523.3,      0.04
    1575.0,     513.3,      0.02
    1575.0,     500.8,     -0.00
    1575.0,     483.3,      0.00
    1575.0,     462.7,      0.02
    1575.0,     440.9,      0.05
    1575.0,     417.7,      0.08
    1575.0,     393.2,      0.11
    1575.0,     367.2,      0.14
    1575.0,     339.6,      0.20
    1575.0,     310.4,      0.20
    1575.0,     279.4,      0.11
    1575.0,     246.6,      0.04
    1575.0,     211.8,      0.00
    1575.0,     174.3,     -0.01
    1575.0,     134.1,     -0.01
    1575.0,      91.5,     -0.01
    1575.0,      46.4,     -0.00
    1575.0,      -1.3,     -0.00
    1625.0,     553.6,      0.17
    1625.0,     543.6,      0.13
    1625.0,     533.6,      0.08
    1625.0,     523.6,      0.04
    1625.0,     513.6,      0.01
    1625.0,     501.1,     -0.02
    1625.0,     483.6,     -0.02
    1625.0,     463.0,     -0.01
    1625.0,     441.2,      0.00
    1625.0,     418.1,      0.02
    1625.0,     393.5,      0.04
    1625.0,     367.5,      0.07
    1625.0,     339.9,      0.12
    1625.0,     310.7,      0.17
    1625.0,     279.8,      0.10
    1625.0,     246.9,      0.01
    1625.0,     212.1,     -0.03
    1625.0,     174.6,     -0.03
    1625.0,     134.3,     -0.02
    1625.0,      91.7,     -0.01
    1625.0,      46.5,     -0.00
    1625.0,      -1.2,     -0.00
    1675.0,     553.5,      0.15
    1675.0,     543.5,      0.10
    1675.0,     533.5,      0.01
    1675.0,     523.5,     -0.05
    1675.0,     513.5,     -0.08
    1675.0,     501.0,     -0.09
    1675.0,     483.5,     -0.04
    1675.0,     462.9,     -0.02
    1675.0,     441.0,     -0.03
    1675.0,     417.9,     -0.03
    1675.0,     393.4,     -0.02
    1675.0,     367.3,     -0.01
    1675.0,     339.8,      0.00
    1675.0,     310.6,     -0.01
    1675.0,     279.6,     -0.06
    1675.0,     246.7,     -0.10
    1675.0,     211.9,     -0.09
    1675.0,     174.5,     -0.06
    1675.0,     134.2,     -0.03
    1675.0,      91.6,     -0.01
    1675.0,      46.5,     -0.01
    1675.0,      -1.3,     -0.00
    1725.0,     552.9,     -0.31
    1725.0,     542.9,     -0.31
    1725.0,     532.9,     -0.32
    1725.0,     522.9,     -0.32
    1725.0,     512.9,     -0.29
    1725.0,     500.4,     -0.20
    1725.0,     482.9,     -0.01
    1725.0,     462.3,     -0.00
    1725.0,     440.4,     -0.05
    1725.0,     417.3,     -0.07
    1725.0,     392.8,     -0.07
    1725.0,     366.7,     -0.07
    1725.0,     339.2,     -0.09
    1725.0,     310.0,     -0.14
    1725.0,     279.0,     -0.20
    1725.0,     246.1,     -0.20
    1725.0,     211.3,     -0.14
    1725.0,     173.9,     -0.08
    1725.0,     133.8,     -0.04
    1725.0,      91.3,     -0.02
    1725.0,      46.3,     -0.01
    1725.0,      -1.3,     -0.00
    1775.0,     552.3,     -0.29
    1775.0,     542.3,     -0.32
    1775.0,     532.3,     -0.35
    1775.0,     522.3,     -0.38
    1775.0,     512.3,     -0.40
    1775.0,     499.8,     -0.40
    1775.0,     482.3,     -0.35
    1775.0,     461.7,     -0.26
    1775.0,     439.8,     -0.13
    1775.0,     416.7,     -0.11
    1775.0,     392.2,     -0.10
    1775.0,     366.1,     -0.10
    1775.0,     338.6,     -0.11
    1775.0,     309.4,     -0.15
    1775.0,     278.4,     -0.20
    1775.0,     245.6,     -0.20
    1775.0,     210.7,     -0.14
    1775.0,     173.4,     -0.08
    1775.0,     133.4,     -0.04
    1775.0,      91.0,     -0.02
    1775.0,      46.1,     -0.01
    1775.0,      -1.4,     -0.00
    1825.0,     552.0,      0.10
    1825.0,     542.0,     -0.10
    1825.0,     532.0,     -0.33
    1825.0,     522.0,     -0.49
    1825.0,     512.0,     -0.61
    1825.0,     499.5,     -0.75
    1825.0,     482.0,     -0.62
    1825.0,     461.4,      0.17
    1825.0,     439.6,      0.00
    1825.0,     416.4,     -0.11
    1825.0,     391.9,     -0.12
    1825.0,     365.9,     -0.08
    1825.0,     338.3,     -0.05
    1825.0,     309.1,     -0.04
    1825.0,     278.1,     -0.08
    1825.0,     245.3,     -0.11
    1825.0,     210.5,     -0.10
    1825.0,     173.1,     -0.06
    1825.0,     133.2,     -0.04
    1825.0,      90.8,     -0.02
    1825.0,      46.0,     -0.01
    1825.0,      -1.4,     -0.00
    1875.0,     552.0,     -0.03
    1875.0,     542.0,      0.00
    1875.0,     532.0,      0.13
    1875.0,     522.0,      0.25
    1875.0,     512.0,      0.05
    1875.0,     499.5,     -0.18
    1875.0,     482.0,      1.00
    1875.0,     461.4,      0.45
    1875.0,     439.6,      0.14
    1875.0,     416.4,     -0.02
    1875.0,     391.9,     -0.04
    1875.0,     365.9,      0.01
    1875.0,     338.3,      0.08
    1875.0,     309.1,      0.16
    1875.0,     278.1,      0.11
    1875.0,     245.3,      0.00
    1875.0,     210.5,     -0.04
    1875.0,     173.1,     -0.04
    1875.0,     133.2,     -0.03
    1875.0,      90.8,     -0.02
    1875.0,      46.0,     -0.01
    1875.0,      -1.4,     -0.01
    1925.0,     552.1,      0.11
    1925.0,     542.1,      0.12
    1925.0,     532.1,      0.12
    1925.0,     522.1,      0.11
    1925.0,     512.1,      0.08
    1925.0,     499.6,      0.07
    1925.0,     482.1,      0.24
    1925.0,     461.5,      0.17
    1925.0,     439.6,      0.05
    1925.0,     416.5,     -0.04
    1925.0,     391.9,     -0.07
    1925.0,     365.9,     -0.05
    1925.0,     338.4,      0.08
    1925.0,     309.1,      0.34
    1925.0,     278.2,      0.26
    1925.0,     245.3,      0.06
    1925.0,     210.5,     -0.02
    1925.0,     173.2,     -0.04
    1925.0,     133.2,     -0.03
    1925.0,      90.9,     -0.02
    1925.0,      46.1,     -0.01
    1925.0,      -1.4,     -0.01
    1975.0,     552.0,      0.04
    1975.0,     542.0,      0.01
    1975.0,     532.0,     -0.02
    1975.0,     522.0,     -0.04
    1975.0,     512.0,     -0.05
    1975.0,     499.5,     -0.05
    1975.0,     482.0,     -0.01
    1975.0,     461.4,     -0.00
    1975.0,     439.6,     -0.03
    1975.0,     416.4,     -0.06
    1975.0,     391.9,     -0.09
    1975.0,     365.9,     -0.11
    1975.0,     338.3,     -0.12
    1975.0,     309.1,     -0.07
    1975.0,     278.1,     -0.01
    1975.0,     245.3,     -0.05
    1975.0,     210.5,     -0.06
    1975.0,     173.2,     -0.05
    1975.0,     133.2,     -0.04
    1975.0,      90.9,     -0.02
    1975.0,      46.0,     -0.01
    1975.0,      -1.4,     -0.01
    2025.0,     551.9,      0.11
    2025.0,     541.9,      0.09
    2025.0,     531.9,      0.04
    2025.0,     521.9,      0.00
    2025.0,     511.9,     -0.03
    2025.0,     499.4,     -0.06
    2025.0,     481.9,     -0.07
    2025.0,     461.3,     -0.08
    2025.0,     439.4,     -0.08
    2025.0,     416.3,     -0.09
    2025.0,     391.8,     -0.11
    2025.0,     365.8,     -0.14
    2025.0,     338.2,     -0.19
    2025.0,     309.0,     -0.23
    2025.0,     278.0,     -0.22
    2025.0,     245.2,     -0.17
    2025.0,     210.4,     -0.12
    2025.0,     173.0,     -0.08
    2025.0,     133.1,     -0.05
    2025.0,      90.8,     -0.03
    2025.0,      46.0,     -0.02
    2025.0,      -1.4,     -0.01
    2075.0,     551.8,     -0.15
    2075.0,     541.8,     -0.13
    2075.0,     531.8,     -0.07
    2075.0,     521.8,     -0.02
    2075.0,     511.8,     -0.02
    2075.0,     499.3,     -0.03
    2075.0,     481.8,     -0.07
    2075.0,     461.2,     -0.10
    2075.0,     439.4,     -0.11
    2075.0,     416.2,     -0.11
    2075.0,     391.7,     -0.12
    2075.0,     365.7,     -0.15
    2075.0,     338.1,     -0.19
    2075.0,     308.9,     -0.23
    2075.0,     277.9,     -0.25
    2075.0,     245.1,     -0.21
    2075.0,     210.3,     -0.15
    2075.0,     173.0,     -0.10
    2075.0,     133.0,     -0.07
    2075.0,      90.8,     -0.04
    2075.0,      46.0,     -0.03
    2075.0,      -1.4,     -0.02
    2125.0,     551.7,     -0.06
    2125.0,     541.7,     -0.02
    2125.0,     531.7,      0.06
    2125.0,     521.7,      0.13
    2125.0,     511.7,      0.09
    2125.0,     499.2,      0.02
    2125.0,     481.7,     -0.05
    2125.0,     461.1,     -0.09
    2125.0,     439.3,     -0.12
    2125.0,     416.2,     -0.13
    2125.0,     391.6,     -0.13
    2125.0,     365.6,     -0.15
    2125.0,     338.1,     -0.18
    2125.0,     308.8,     -0.21
    2125.0,     277.9,     -0.22
    2125.0,     245.0,     -0.20
    2125.0,     210.2,     -0.16
    2125.0,     172.9,     -0.12
    2125.0,     133.0,     -0.08
    2125.0,      90.7,     -0.05
    2125.0,      46.0,     -0.03
    2125.0,      -1.4,     -0.03
    2175.0,     551.4,     -0.06
    2175.0,     541.4,     -0.05
    2175.0,     531.4,     -0.03
    2175.0,     521.4,     -0.01
    2175.0,     511.4,     -0.01
    2175.0,     498.9,     -0.03
    2175.0,     481.4,     -0.06
    2175.0,     460.8,     -0.09
    2175.0,     439.0,     -0.13
    2175.0,     415.8,     -0.14
    2175.0,     391.3,     -0.15
    2175.0,     365.3,     -0.16
    2175.0,     337.7,     -0.17
    2175.0,     308.5,     -0.19
    2175.0,     277.5,     -0.20
    2175.0,     244.7,     -0.19
    2175.0,     209.9,     -0.16
    2175.0,     172.6,     -0.12
    2175.0,     132.8,     -0.09
    2175.0,      90.5,     -0.06
    2175.0,      45.9,     -0.04
    2175.0,      -1.5,     -0.03
    2225.0,     550.8,      0.01
    2225.0,     540.8,      0.02
    2225.0,     530.8,      0.02
    2225.0,     520.8,     -0.00
    2225.0,     510.8,     -0.02
    2225.0,     498.3,     -0.04
    2225.0,     480.8,     -0.06
    2225.0,     460.2,     -0.09
    2225.0,     438.3,     -0.12
    2225.0,     415.2,     -0.14
    2225.0,     390.7,     -0.16
    2225.0,     364.7,     -0.16
    2225.0,     337.1,     -0.17
    2225.0,     307.9,     -0.18
    2225.0,     276.9,     -0.18
    2225.0,     244.1,     -0.17
    2225.0,     209.3,     -0.15
    2225.0,     172.0,     -0.12
    2225.0,     132.3,     -0.09
    2225.0,      90.2,     -0.06
    2225.0,      45.7,     -0.04
    2225.0,      -1.5,     -0.03
    2275.0,     550.2,     -0.05
    2275.0,     540.2,     -0.00
    2275.0,     530.2,      0.03
    2275.0,     520.2,      0.01
    2275.0,     510.2,     -0.01
    2275.0,     497.8,     -0.04
    2275.0,     480.2,     -0.06
    2275.0,     459.6,     -0.08
    2275.0,     437.8,     -0.11
    2275.0,     414.7,     -0.14
    2275.0,     390.1,     -0.15
    2275.0,     364.1,     -0.16
    2275.0,     336.6,     -0.17
    2275.0,     307.3,     -0.17
    2275.0,     276.4,     -0.17
    2275.0,     243.5,     -0.16
    2275.0,     208.7,     -0.14
    2275.0,     171.6,     -0.11
    2275.0,     131.9,     -0.09
    2275.0,      90.0,     -0.06
    2275.0,      45.5,     -0.05
    2275.0,      -1.6,     -0.04
    2325.0,     550.2,     -0.05
    2325.0,     540.2,     -0.02
    2325.0,     530.2,      0.01
    2325.0,     520.2,      0.01
    2325.0,     510.2,     -0.01
    2325.0,     497.7,     -0.03
    2325.0,     480.2,     -0.05
    2325.0,     459.6,     -0.07
    2325.0,     437.7,     -0.10
    2325.0,     414.6,     -0.12
    2325.0,     390.0,     -0.14
    2325.0,     364.0,     -0.15
    2325.0,     336.5,     -0.15
    2325.0,     307.2,     -0.15
    2325.0,     276.3,     -0.15
    2325.0,     243.4,     -0.14
    2325.0,     208.6,     -0.13
    2325.0,     171.5,     -0.10
    2325.0,     131.9,     -0.08
    2325.0,      89.9,     -0.06
    2325.0,      45.5,     -0.05
    2325.0,      -1.6,     -0.04
    2375.0,     550.6,     -0.02
    2375.0,     540.6,      0.02
    2375.0,     530.6,      0.06
    2375.0,     520.6,      0.05
    2375.0,     510.6,      0.02
    2375.0,     498.1,     -0.01
    2375.0,     480.6,     -0.04
    2375.0,     460.0,     -0.06
    2375.0,     438.1,     -0.08
    2375.0,     415.0,     -0.10
    2375.0,     390.4,     -0.12
    2375.0,     364.4,     -0.13
    2375.0,     336.9,     -0.14
    2375.0,     307.6,     -0.14
    2375.0,     276.7,     -0.13
    2375.0,     243.8,     -0.13
    2375.0,     209.0,     -0.11
    2375.0,     171.9,     -0.09
    2375.0,     132.2,     -0.08
    2375.0,      90.1,     -0.06
    2375.0,      45.6,     -0.04
    2375.0,      -1.5,     -0.03
    2425.0,     551.1,     -0.01
    2425.0,     541.1,      0.01
    2425.0,     531.1,      0.03
    2425.0,     521.1,      0.02
    2425.0,     511.1,      0.00
    2425.0,     498.6,     -0.02
    2425.0,     481.1,     -0.04
    2425.0,     460.5,     -0.06
    2425.0,     438.7,     -0.07
    2425.0,     415.6,     -0.09
    2425.0,     391.0,     -0.10
    2425.0,     365.0,     -0.11
    2425.0,     337.4,     -0.12
    2425.0,     308.2,     -0.12
    2425.0,     277.2,     -0.12
    2425.0,     244.4,     -0.11
    2425.0,     209.6,     -0.10
    2425.0,     172.4,     -0.08
    2425.0,     132.6,     -0.07
    2425.0,      90.4,     -0.05
    2425.0,      45.8,     -0.04
    2425.0,      -1.5,     -0.03
    2475.0,     551.4,      0.05
    2475.0,     541.4,      0.05
    2475.0,     531.4,      0.04
    2475.0,     521.4,      0.01
    2475.0,     511.4,     -0.01
    2475.0,     499.0,     -0.03
    2475.0,     481.5,     -0.05
    2475.0,     460.9,     -0.06
    2475.0,     439.0,     -0.07
    2475.0,     415.9,     -0.08
    2475.0,     391.3,     -0.09
    2475.0,     365.3,     -0.09
    2475.0,     337.8,     -0.10
    2475.0,     308.5,     -0.10
    2475.0,     277.6,     -0.10
    2475.0,     244.7,     -0.09
    2475.0,     209.9,     -0.08
    2475.0,     172.6,     -0.07
    2475.0,     132.8,     -0.06
    2475.0,      90.6,     -0.05
    2475.0,      45.9,     -0.04
    2475.0,      -1.5,     -0.03
    2525.0,     551.2,     -0.03
    2525.0,     541.2,     -0.04
    2525.0,     531.2,     -0.05
    2525.0,     521.2,     -0.06
    2525.0,     511.2,     -0.06
    2525.0,     498.7,     -0.06
    2525.0,     481.2,     -0.05
    2525.0,     460.6,     -0.06
    2525.0,     438.8,     -0.06
    2525.0,     415.6,     -0.07
    2525.0,     391.1,     -0.07
    2525.0,     365.1,     -0.08
    2525.0,     337.5,     -0.08
    2525.0,     308.3,     -0.08
    2525.0,     277.3,     -0.08
    2525.0,     244.5,     -0.08
    2525.0,     209.7,     -0.07
    2525.0,     172.5,     -0.06
    2525.0,     132.6,     -0.05
    2525.0,      90.5,     -0.04
    2525.0,      45.8,     -0.03
    2525.0,      -1.5,     -0.03
    2575.0,     550.6,      0.04
    2575.0,     540.6,      0.05
    2575.0,     530.6,      0.05
    2575.0,     520.6,      0.03
    2575.0,     510.6,     -0.01
    2575.0,     498.1,     -0.03
    2575.0,     480.6,     -0.05
    2575.0,     460.0,     -0.05
    2575.0,     438.1,     -0.06
    2575.0,     415.0,     -0.06
    2575.0,     390.5,     -0.06
    2575.0,     364.4,     -0.07
    2575.0,     336.9,     -0.07
    2575.0,     307.7,     -0.07
    2575.0,     276.7,     -0.07
    2575.0,     243.8,     -0.06
    2575.0,     209.0,     -0.06
    2575.0,     171.9,     -0.05
    2575.0,     132.2,     -0.04
    2575.0,      90.1,     -0.03
    2575.0,      45.6,     -0.03
    2575.0,      -1.5,     -0.02
    2625.0,     549.8,     -0.06
    2625.0,     539.8,     -0.06
    2625.0,     529.8,     -0.06
    2625.0,     519.8,     -0.05
    2625.0,     509.8,     -0.05
    2625.0,     497.3,     -0.05
    2625.0,     479.8,     -0.05
    2625.0,     459.2,     -0.05
    2625.0,     437.3,     -0.05
    2625.0,     414.2,     -0.05
    2625.0,     389.7,     -0.05
    2625.0,     363.7,     -0.05
    2625.0,     336.1,     -0.05
    2625.0,     306.9,     -0.05
    2625.0,     275.9,     -0.05
    2625.0,     243.1,     -0.05
    2625.0,     208.3,     -0.04
    2625.0,     171.2,     -0.04
    2625.0,     131.6,     -0.03
    2625.0,      89.7,     -0.03
    2625.0,      45.4,     -0.02
    2625.0,      -1.6,     -0.02
    2675.0,     549.2,      0.00
    2675.0,     539.2,      0.03
    2675.0,     529.2,      0.06
    2675.0,     519.2,      0.05
    2675.0,     509.2,      0.02
    2675.0,     496.7,     -0.01
    2675.0,     479.2,     -0.03
    2675.0,     458.6,     -0.04
    2675.0,     436.8,     -0.04
    2675.0,     413.6,     -0.04
    2675.0,     389.1,     -0.04
    2675.0,     363.1,     -0.04
    2675.0,     335.5,     -0.04
    2675.0,     306.3,     -0.04
    2675.0,     275.3,     -0.04
    2675.0,     242.5,     -0.04
    2675.0,     207.7,     -0.04
    2675.0,     170.6,     -0.03
    2675.0,     131.2,     -0.03
    2675.0,      89.5,     -0.02
    2675.0,      45.2,     -0.02
    2675.0,      -1.7,     -0.02
    2725.0,     549.0,     -0.03
    2725.0,     539.0,     -0.02
    2725.0,     529.0,     -0.00
    2725.0,     519.0,     -0.00
    2725.0,     509.0,     -0.01
    2725.0,     496.5,     -0.02
    2725.0,     479.0,     -0.03
    2725.0,     458.4,     -0.04
    2725.0,     436.6,     -0.04
    2725.0,     413.4,     -0.04
    2725.0,     388.9,     -0.04
    2725.0,     362.9,     -0.04
    2725.0,     335.3,     -0.03
    2725.0,     306.1,     -0.03
    2725.0,     275.1,     -0.03
    2725.0,     242.3,     -0.03
    2725.0,     207.5,     -0.03
    2725.0,     170.5,     -0.02
    2725.0,     131.1,     -0.02
    2725.0,      89.4,     -0.02
    2725.0,      45.1,     -0.02
    2725.0,      -1.7,     -0.01
    2775.0,     549.1,      0.02
    2775.0,     539.1,      0.01
    2775.0,     529.1,      0.00
    2775.0,     519.1,     -0.01
    2775.0,     509.1,     -0.02
    2775.0,     496.6,     -0.03
    2775.0,     479.1,     -0.04
    2775.0,     458.5,     -0.04
    2775.0,     436.7,     -0.04
    2775.0,     413.5,     -0.04
    2775.0,     389.0,     -0.04
    2775.0,     363.0,     -0.03
    2775.0,     335.4,     -0.03
    2775.0,     306.2,     -0.03
    2775.0,     275.2,     -0.03
    2775.0,     242.4,     -0.02
    2775.0,     207.6,     -0.02
    2775.0,     170.5,     -0.02
    2775.0,     131.1,     -0.02
    2775.0,      89.4,     -0.01
    2775.0,      45.2,     -0.01
    2775.0,      -1.7,     -0.01
    2825.0,     549.3,      0.01
    2825.0,     539.3,      0.03
    2825.0,     529.3,      0.04
    2825.0,     519.3,      0.02
    2825.0,     509.3,      0.00
    2825.0,     496.8,     -0.02
    2825.0,     479.3,     -0.04
    2825.0,     458.7,     -0.04
    2825.0,     436.9,     -0.04
    2825.0,     413.8,     -0.04
    2825.0,     389.2,     -0.04
    2825.0,     363.2,     -0.03
    2825.0,     335.7,     -0.03
    2825.0,     306.4,     -0.02
    2825.0,     275.5,     -0.02
    2825.0,     242.6,     -0.02
    2825.0,     207.8,     -0.02
    2825.0,     170.8,     -0.02
    2825.0,     131.3,     -0.01
    2825.0,      89.5,     -0.01
    2825.0,      45.2,     -0.01
    2825.0,      -1.7,     -0.01
    2875.0,     549.6,     -0.06
    2875.0,     539.6,     -0.03
    2875.0,     529.6,     -0.01
    2875.0,     519.6,      0.00
    2875.0,     509.6,     -0.00
    2875.0,     497.1,     -0.02
    2875.0,     479.6,     -0.03
    2875.0,     459.0,     -0.04
    2875.0,     437.2,     -0.04
    2875.0,     414.0,     -0.04
    2875.0,     389.5,     -0.04
    2875.0,     363.5,     -0.03
    2875.0,     335.9,     -0.03
    2875.0,     306.7,     -0.02
    2875.0,     275.7,     -0.02
    2875.0,     242.9,     -0.02
    2875.0,     208.1,     -0.02
    2875.0,     171.0,     -0.01
    2875.0,     131.5,     -0.01
    2875.0,      89.6,     -0.01
    2875.0,      45.3,     -0.01
    2875.0,      -1.6,     -0.01
    2925.0,     549.8,      0.04
    2925.0,     539.8,      0.04
    2925.0,     529.8,      0.04
    2925.0,     519.8,      0.02
    2925.0,     509.8,      0.01
    2925.0,     497.3,     -0.01
    2925.0,     479.8,     -0.03
    2925.0,     459.2,     -0.04
    2925.0,     437.4,     -0.04
    2925.0,     414.2,     -0.04
    2925.0,     389.7,     -0.04
    2925.0,     363.7,     -0.03
    2925.0,     336.1,     -0.03
    2925.0,     306.9,     -0.02
    2925.0,     275.9,     -0.02
    2925.0,     243.1,     -0.02
    2925.0,     208.3,     -0.01
    2925.0,     171.2,     -0.01
    2925.0,     131.6,     -0.01
    2925.0,      89.7,     -0.01
    2925.0,      45.4,     -0.01
    2925.0,      -1.6,     -0.01
    2975.0,     549.9,     -0.08
    2975.0,     539.9,     -0.05
    2975.0,     529.9,     -0.02
    2975.0,     519.9,     -0.00
    2975.0,     509.9,     -0.01
    2975.0,     497.3,     -0.02
    2975.0,     479.8,     -0.03
    2975.0,     459.2,     -0.04
    2975.0,     437.4,     -0.04
    2975.0,     414.3,     -0.04
    2975.0,     389.7,     -0.03
    2975.0,     363.7,     -0.03
    2975.0,     336.2,     -0.02
    2975.0,     306.9,     -0.02
    2975.0,     276.0,     -0.02
    2975.0,     243.1,     -0.01
    2975.0,     208.3,     -0.01
    2975.0,     171.2,     -0.01
    2975.0,     131.7,     -0.01
    2975.0,      89.8,     -0.01
    2975.0,      45.4,     -0.01
    2975.0,      -1.6,     -0.01
    3025.0,     549.7,      0.00
    3025.0,     539.7,      0.03
    3025.0,     529.7,      0.04
    3025.0,     519.7,      0.03
    3025.0,     509.7,      0.01
    3025.0,     497.2,     -0.01
    3025.0,     479.7,     -0.03
    3025.0,     459.1,     -0.04
    3025.0,     437.3,     -0.04
    3025.0,     414.2,     -0.04
    3025.0,     389.6,     -0.03
    3025.0,     363.6,     -0.03
    3025.0,     336.0,     -0.02
    3025.0,     306.8,     -0.02
    3025.0,     275.9,     -0.02
    3025.0,     243.0,     -0.01
    3025.0,     208.2,     -0.01
    3025.0,     171.1,     -0.01
    3025.0,     131.6,     -0.01
    3025.0,      89.7,     -0.01
    3025.0,      45.4,     -0.00
    3025.0,      -1.6,     -0.00
    3075.0,     549.5,     -0.01
    3075.0,     539.5,      0.00
    3075.0,     529.5,      0.01
    3075.0,     519.5,     -0.00
    3075.0,     509.5,     -0.02
    3075.0,     497.0,     -0.03
    3075.0,     479.5,     -0.04
    3075.0,     458.9,     -0.04
    3075.0,     437.1,     -0.04
    3075.0,     413.9,     -0.04
    3075.0,     389.4,     -0.03
    3075.0,     363.4,     -0.03
    3075.0,     335.8,     -0.02
    3075.0,     306.6,     -0.02
    3075.0,     275.6,     -0.01
    3075.0,     242.8,     -0.01
    3075.0,     208.0,     -0.01
    3075.0,     170.9,     -0.01
    3075.0,     131.4,     -0.01
    3075.0,      89.6,     -0.00
    3075.0,      45.3,     -0.00
    3075.0,      -1.7,     -0.00
    3125.0,     549.2,     -0.02
    3125.0,     539.2,     -0.01
    3125.0,     529.2,      0.00
    3125.0,     519.2,      0.00
    3125.0,     509.2,     -0.00
    3125.0,     496.7,     -0.02
    3125.0,     479.2,     -0.04
    3125.0,     458.6,     -0.04
    3125.0,     436.8,     -0.04
    3125.0,     413.6,     -0.04
    3125.0,     389.1,     -0.03
    3125.0,     363.1,     -0.02
    3125.0,     335.5,     -0.02
    3125.0,     306.3,     -0.01
    3125.0,     275.3,     -0.01
    3125.0,     242.5,     -0.01
    3125.0,     207.7,     -0.01
    3125.0,     170.6,     -0.01
    3125.0,     131.2,     -0.00
    3125.0,      89.5,     -0.00
    3125.0,      45.2,     -0.00
    3125.0,      -1.7,     -0.00
    3175.0,     549.1,      0.04
    3175.0,     539.1,      0.05
    3175.0,     529.1,      0.03
    3175.0,     519.1,      0.01
    3175.0,     509.1,     -0.01
    3175.0,     496.6,     -0.03
    3175.0,     479.1,     -0.05
    3175.0,     458.5,     -0.06
    3175.0,     436.6,     -0.05
    3175.0,     413.5,     -0.04
    3175.0,     388.9,     -0.03
    3175.0,     362.9,     -0.02
    3175.0,     335.4,     -0.02
    3175.0,     306.1,     -0.01
    3175.0,     275.2,     -0.01
    3175.0,     242.3,     -0.01
    3175.0,     207.5,     -0.01
    3175.0,     170.5,     -0.00
    3175.0,     131.1,     -0.00
    3175.0,      89.4,     -0.00
    3175.0,      45.2,     -0.00
    3175.0,      -1.7,     -0.00
    3225.0,     548.9,      0.05
    3225.0,     538.9,      0.04
    3225.0,     528.9,      0.02
    3225.0,     518.9,      0.00
    3225.0,     508.9,     -0.02
    3225.0,     496.4,     -0.05
    3225.0,     478.9,     -0.07
    3225.0,     458.3,     -0.07
    3225.0,     436.5,     -0.06
    3225.0,     413.3,     -0.04
    3225.0,     388.8,     -0.03
    3225.0,     362.8,     -0.02
    3225.0,     335.2,     -0.01
    3225.0,     306.0,     -0.01
    3225.0,     275.0,     -0.01
    3225.0,     242.2,     -0.00
    3225.0,     207.4,     -0.00
    3225.0,     170.3,     -0.00
    3225.0,     131.0,     -0.00
    3225.0,      89.3,     -0.00
    3225.0,      45.1,     -0.00
    3225.0,      -1.7,     -0.00
    3275.0,     548.5,      0.01
    3275.0,     538.5,      0.01
    3275.0,     528.5,     -0.00
    3275.0,     518.5,     -0.02
    3275.0,     508.5,     -0.03
    3275.0,     496.0,     -0.06
    3275.0,     478.5,     -0.08
    3275.0,     457.9,     -0.08
    3275.0,     436.0,     -0.06
    3275.0,     412.9,     -0.04
    3275.0,     388.3,     -0.02
    3275.0,     362.3,     -0.01
    3275.0,     334.8,     -0.01
    3275.0,     305.5,     -0.01
    3275.0,     274.6,     -0.00
    3275.0,     241.7,     -0.00
    3275.0,     206.9,     -0.00
    3275.0,     170.0,     -0.00
    3275.0,     130.7,     -0.00
    3275.0,      89.1,     -0.00
    3275.0,      45.0,     -0.00
    3275.0,      -1.8,     -0.00
    3325.0,     547.9,      0.00
    3325.0,     537.9,     -0.00
    3325.0,     527.9,     -0.01
    3325.0,     517.9,     -0.02
    3325.0,     507.9,     -0.03
    3325.0,     495.4,     -0.04
    3325.0,     477.9,     -0.05
    3325.0,     457.3,     -0.04
    3325.0,     435.5,     -0.02
    3325.0,     412.3,     -0.01
    3325.0,     387.8,     -0.00
    3325.0,     361.8,     -0.00
    3325.0,     334.2,     -0.00
    3325.0,     305.0,     -0.00
    3325.0,     274.0,     -0.00
    3325.0,     241.2,     -0.00
    3325.0,     206.4,     -0.00
    3325.0,     169.5,     -0.00
    3325.0,     130.3,     -0.00
    3325.0,      88.8,     -0.00
    3325.0,      44.8,     -0.00
    3325.0,      -1.8,     -0.00
    3375.0,     547.7,      0.02
    3375.0,     537.7,      0.02
    3375.0,     527.7,      0.02
    3375.0,     517.7,      0.02
    3375.0,     507.7,      0.02
    3375.0,     495.2,      0.02
    3375.0,     477.7,      0.03
    3375.0,     457.1,      0.04
    3375.0,     435.2,      0.04
    3375.0,     412.1,      0.03
    3375.0,     387.5,      0.02
    3375.0,     361.5,      0.01
    3375.0,     334.0,      0.01
    3375.0,     304.7,      0.00
    3375.0,     273.8,      0.00
    3375.0,     240.9,      0.00
    3375.0,     206.1,      0.00
    3375.0,     169.2,      0.00
    3375.0,     130.1,      0.00
    3375.0,      88.7,      0.00
    3375.0,      44.7,      0.00
    3375.0,      -1.8,      0.00
    3425.0,     547.9,      0.06
    3425.0,     537.9,      0.07
    3425.0,     527.9,      0.07
    3425.0,     517.9,      0.08
    3425.0,     507.9,      0.08
    3425.0,     495.4,      0.10
    3425.0,     477.9,      0.11
    3425.0,     457.3,      0.10
    3425.0,     435.5,      0.08
    3425.0,     412.3,      0.06
    3425.0,     387.8,      0.04
    3425.0,     361.8,      0.02
    3425.0,     334.2,      0.01
    3425.0,     305.0,      0.01
    3425.0,     274.0,      0.00
    3425.0,     241.2,      0.00
    3425.0,     206.4,      0.00
    3425.0,     169.5,      0.00
    3425.0,     130.3,      0.00
    3425.0,      88.8,      0.00
    3425.0,      44.8,      0.00
    3425.0,      -1.8,      0.00
    3475.0,     548.4,      0.09
    3475.0,     538.4,      0.10
    3475.0,     528.4,      0.10
    3475.0,     518.4,      0.11
    3475.0,     508.4,      0.12
    3475.0,     495.9,      0.13
    3475.0,     478.4,      0.13
    3475.0,     457.8,      0.12
    3475.0,     436.0,      0.10
    3475.0,     412.8,      0.07
    3475.0,     388.3,      0.04
    3475.0,     362.3,      0.03
    3475.0,     334.7,      0.02
    3475.0,     305.5,      0.01
    3475.0,     274.5,      0.01
    3475.0,     241.7,      0.00
    3475.0,     206.9,      0.00
    3475.0,     169.9,      0.00
    3475.0,     130.7,      0.00
    3475.0,      89.1,      0.00
    3475.0,      45.0,      0.00
    3475.0,      -1.8,      0.00
